RIGHT,0,393.0,515.0
RIGHT,1,390.0,505.0
RIGHT,2,392.0,508.0
RIGHT,3,391.0,501.0
RIGHT,4,396.0,492.0
RIGHT,5,399.0,492.0
RIGHT,6,391.0,485.0
RIGHT,7,380.0,480.0
RIGHT,8,365.0,481.0
RIGHT,9,354.0,472.0
RIGHT,10,345.0,472.0
RIGHT,11,333.0,464.0
RIGHT,12,322.0,461.0
RIGHT,13,316.0,463.0
RIGHT,14,312.0,454.0
RIGHT,15,317.0,453.0
RIGHT,16,322.0,449.0
RIGHT,17,326.0,444.0
RIGHT,18,333.0,454.0
RIGHT,19,335.0,451.0
RIGHT,20,344.0,449.0
RIGHT,21,352.0,446.0
RIGHT,22,353.0,440.0
RIGHT,23,356.0,445.0
RIGHT,24,357.0,442.0
RIGHT,25,363.0,435.0
RIGHT,26,372.0,441.0
RIGHT,27,373.0,438.0
RIGHT,28,378.0,445.0
RIGHT,29,381.0,449.0
RIGHT,30,389.0,447.0
RIGHT,31,402.0,456.0
RIGHT,32,409.0,456.0
RIGHT,33,414.0,459.0
RIGHT,34,417.0,467.0
RIGHT,35,422.0,462.0
RIGHT,36,433.0,465.0
RIGHT,37,438.0,464.0
RIGHT,38,438.0,461.0
RIGHT,39,438.0,473.0
RIGHT,40,433.0,467.0
RIGHT,41,432.0,459.0
RIGHT,42,432.0,456.0
RIGHT,43,429.0,449.0
RIGHT,44,426.0,454.0
RIGHT,45,423.0,451.0
RIGHT,46,426.0,448.0
RIGHT,47,434.0,449.0
RIGHT,48,438.0,442.0
RIGHT,49,445.0,446.0
RIGHT,50,447.0,444.0
RIGHT,51,454.0,437.0
RIGHT,52,466.0,435.0
RIGHT,53,473.0,427.0
RIGHT,54,481.0,424.0
RIGHT,55,485.0,428.0
RIGHT,56,491.0,419.0
RIGHT,57,504.0,414.0
RIGHT,58,512.0,403.0
RIGHT,59,520.0,395.0
RIGHT,60,519.0,394.0
RIGHT,61,519.0,382.0
RIGHT,62,523.0,373.0
RIGHT,63,525.0,370.0
RIGHT,64,518.0,365.0
RIGHT,65,512.0,377.0
RIGHT,66,500.0,378.0
RIGHT,67,491.0,381.0
RIGHT,68,484.0,385.0
RIGHT,69,466.0,383.0
RIGHT,70,446.0,393.0
RIGHT,71,423.0,397.0
RIGHT,72,403.0,398.0
RIGHT,73,389.0,410.0
RIGHT,74,372.0,414.0
RIGHT,75,359.0,426.0
RIGHT,76,347.0,440.0
RIGHT,77,343.0,446.0
RIGHT,78,343.0,459.0
RIGHT,79,341.0,463.0
RIGHT,80,340.0,466.0
RIGHT,81,339.0,477.0
RIGHT,82,338.0,474.0
RIGHT,83,345.0,475.0
RIGHT,84,348.0,471.0
RIGHT,85,349.0,465.0
RIGHT,86,351.0,471.0
RIGHT,87,350.0,465.0
RIGHT,88,354.0,460.0
RIGHT,89,358.0,461.0
RIGHT,90,360.0,456.0
RIGHT,91,358.0,466.0
RIGHT,92,357.0,466.0
RIGHT,93,360.0,463.0
RIGHT,94,371.0,466.0
RIGHT,95,374.0,461.0
RIGHT,96,379.0,466.0
RIGHT,97,385.0,469.0
RIGHT,98,393.0,462.0
RIGHT,99,408.0,465.0
RIGHT,100,418.0,460.0
RIGHT,101,426.0,453.0
RIGHT,102,436.0,461.0
RIGHT,103,444.0,452.0
RIGHT,104,458.0,447.0
RIGHT,105,469.0,438.0
RIGHT,106,478.0,427.0
RIGHT,107,486.0,429.0
RIGHT,108,493.0,420.0
RIGHT,109,503.0,416.0
RIGHT,110,512.0,415.0
RIGHT,111,518.0,406.0
RIGHT,112,525.0,413.0
RIGHT,113,527.0,409.0
RIGHT,114,532.0,401.0
RIGHT,115,538.0,406.0
RIGHT,116,535.0,401.0
RIGHT,117,534.0,407.0
RIGHT,118,531.0,414.0
RIGHT,119,530.0,417.0
RIGHT,120,535.0,432.0
RIGHT,121,535.0,439.0
RIGHT,122,534.0,447.0
RIGHT,123,534.0,461.0
RIGHT,124,537.0,462.0
RIGHT,125,545.0,465.0
RIGHT,126,549.0,464.0
RIGHT,127,549.0,463.0
RIGHT,128,552.0,473.0
RIGHT,129,550.0,471.0
RIGHT,130,553.0,471.0
RIGHT,131,553.0,472.0
RIGHT,132,549.0,469.0
RIGHT,133,545.0,477.0
RIGHT,134,538.0,475.0
RIGHT,135,540.0,471.0
RIGHT,136,538.0,473.0
RIGHT,137,532.0,465.0
RIGHT,138,531.0,468.0
RIGHT,139,527.0,469.0
RIGHT,140,528.0,468.0
RIGHT,141,532.0,477.0
RIGHT,142,530.0,473.0
RIGHT,143,530.0,478.0
RIGHT,144,529.0,481.0
RIGHT,145,526.0,475.0
RIGHT,146,529.0,477.0
RIGHT,147,527.0,473.0
RIGHT,148,520.0,470.0
RIGHT,149,516.0,473.0
RIGHT,150,512.0,466.0
RIGHT,151,515.0,465.0
RIGHT,152,515.0,463.0
RIGHT,153,504.0,459.0
RIGHT,154,511.0,467.0
RIGHT,155,505.0,463.0
RIGHT,156,506.0,456.0
RIGHT,157,507.0,459.0
RIGHT,158,503.0,451.0
RIGHT,159,502.0,455.0
RIGHT,160,498.0,452.0
RIGHT,161,498.0,446.0
RIGHT,162,500.0,449.0
RIGHT,163,496.0,445.0
RIGHT,164,493.0,447.0
RIGHT,165,491.0,455.0
RIGHT,166,485.0,453.0
RIGHT,167,485.0,462.0
RIGHT,168,481.0,461.0
RIGHT,169,481.0,461.0
RIGHT,170,477.0,470.0
RIGHT,171,476.0,465.0
RIGHT,172,481.0,470.0
RIGHT,173,483.0,472.0
RIGHT,174,481.0,471.0
RIGHT,175,481.0,481.0
RIGHT,176,474.0,477.0
RIGHT,177,473.0,475.0
RIGHT,178,475.0,477.0
RIGHT,179,472.0,475.0
RIGHT,180,473.0,479.0
RIGHT,181,472.0,475.0
RIGHT,182,475.0,469.0
RIGHT,183,483.0,473.0
RIGHT,184,484.0,468.0
RIGHT,185,488.0,472.0
RIGHT,186,491.0,471.0
RIGHT,187,497.0,461.0
RIGHT,188,509.0,458.0
RIGHT,189,513.0,446.0
RIGHT,190,516.0,436.0
RIGHT,191,519.0,431.0
RIGHT,192,517.0,416.0
RIGHT,193,522.0,410.0
RIGHT,194,523.0,401.0
RIGHT,195,520.0,394.0
RIGHT,196,519.0,401.0
RIGHT,197,515.0,397.0
RIGHT,198,516.0,397.0
RIGHT,199,516.0,400.0
RIGHT,200,510.0,393.0
RIGHT,201,507.0,403.0
RIGHT,202,499.0,403.0
RIGHT,203,494.0,397.0
RIGHT,204,495.0,400.0
RIGHT,205,491.0,397.0
RIGHT,206,489.0,403.0
RIGHT,207,487.0,409.0
RIGHT,208,487.0,407.0
RIGHT,209,490.0,416.0
RIGHT,210,488.0,417.0
RIGHT,211,486.0,423.0
RIGHT,212,483.0,432.0
RIGHT,213,477.0,428.0
RIGHT,214,478.0,430.0
RIGHT,215,477.0,427.0
RIGHT,216,474.0,422.0
RIGHT,217,470.0,427.0
RIGHT,218,463.0,417.0
RIGHT,219,464.0,413.0
RIGHT,220,462.0,408.0
RIGHT,221,458.0,403.0
RIGHT,222,455.0,407.0
RIGHT,223,452.0,402.0
RIGHT,224,453.0,398.0
RIGHT,225,457.0,401.0
RIGHT,226,454.0,397.0
RIGHT,227,452.0,406.0
RIGHT,228,445.0,410.0
RIGHT,229,445.0,406.0
RIGHT,230,446.0,420.0
RIGHT,231,443.0,421.0
RIGHT,232,453.0,429.0
RIGHT,233,436.0,434.0
RIGHT,234,432.0,428.0
RIGHT,235,433.0,432.0
RIGHT,236,431.0,429.0
RIGHT,237,426.0,428.0
RIGHT,238,425.0,433.0
RIGHT,239,421.0,423.0
RIGHT,240,424.0,415.0
RIGHT,241,424.0,405.0
RIGHT,242,420.0,391.0
RIGHT,243,419.0,392.0
RIGHT,244,413.0,386.0
RIGHT,245,417.0,382.0
RIGHT,246,422.0,387.0
RIGHT,247,420.0,381.0
RIGHT,248,419.0,387.0
RIGHT,249,415.0,384.0
RIGHT,250,417.0,380.0
RIGHT,251,423.0,380.0
RIGHT,252,424.0,370.0
RIGHT,253,423.0,370.0
RIGHT,254,420.0,373.0
RIGHT,255,416.0,366.0
RIGHT,256,421.0,372.0
RIGHT,257,419.0,371.0
RIGHT,258,418.0,375.0
RIGHT,259,420.0,387.0
RIGHT,260,421.0,386.0
RIGHT,261,427.0,390.0
RIGHT,262,431.0,392.0
RIGHT,263,431.0,390.0
RIGHT,264,434.0,401.0
RIGHT,265,436.0,402.0
RIGHT,266,441.0,408.0
RIGHT,267,446.0,417.0
RIGHT,268,446.0,417.0
RIGHT,269,448.0,428.0
RIGHT,270,449.0,430.0
RIGHT,271,451.0,427.0
RIGHT,272,459.0,432.0
RIGHT,273,456.0,428.0
RIGHT,274,459.0,433.0
RIGHT,275,456.0,439.0
RIGHT,276,458.0,439.0
RIGHT,277,464.0,448.0
RIGHT,278,467.0,448.0
RIGHT,279,468.0,450.0
RIGHT,280,473.0,457.0
RIGHT,281,476.0,450.0
RIGHT,282,484.0,449.0
RIGHT,283,490.0,444.0
RIGHT,284,491.0,439.0
RIGHT,285,495.0,446.0
RIGHT,286,497.0,448.0
RIGHT,287,505.0,456.0
RIGHT,288,508.0,465.0
RIGHT,289,504.0,467.0
RIGHT,290,502.0,478.0
RIGHT,291,496.0,479.0
RIGHT,292,493.0,477.0
RIGHT,293,494.0,482.0
RIGHT,294,487.0,475.0
RIGHT,295,482.0,478.0
RIGHT,296,476.0,476.0
RIGHT,297,474.0,466.0
RIGHT,298,473.0,463.0
RIGHT,299,467.0,452.0
RIGHT,300,460.0,443.0
RIGHT,301,458.0,443.0
RIGHT,302,456.0,431.0
RIGHT,303,462.0,432.0
RIGHT,304,461.0,427.0
RIGHT,305,465.0,419.0
RIGHT,306,456.0,422.0
RIGHT,307,452.0,409.0
RIGHT,308,453.0,391.0
RIGHT,309,452.0,372.0
RIGHT,310,447.0,345.0
RIGHT,311,445.0,338.0
RIGHT,312,438.0,323.0
RIGHT,313,437.0,307.0
RIGHT,314,438.0,299.0
RIGHT,315,433.0,284.0
RIGHT,316,430.0,286.0
RIGHT,317,426.0,292.0
RIGHT,318,424.0,295.0
RIGHT,319,425.0,311.0
RIGHT,320,420.0,318.0
RIGHT,321,416.0,333.0
RIGHT,322,412.0,351.0
RIGHT,323,415.0,356.0
RIGHT,324,416.0,373.0
RIGHT,325,416.0,380.0
RIGHT,326,413.0,387.0
RIGHT,327,410.0,404.0
RIGHT,328,404.0,406.0
RIGHT,329,404.0,411.0
RIGHT,330,404.0,412.0
RIGHT,331,396.0,404.0
RIGHT,332,391.0,412.0
RIGHT,333,382.0,409.0
RIGHT,334,377.0,405.0
RIGHT,335,376.0,404.0
RIGHT,336,370.0,394.0
RIGHT,337,369.0,395.0
RIGHT,338,370.0,392.0
RIGHT,339,371.0,384.0
RIGHT,340,379.0,387.0
RIGHT,341,382.0,379.0
RIGHT,342,386.0,379.0
RIGHT,343,389.0,380.0
RIGHT,344,394.0,374.0
RIGHT,345,402.0,381.0
RIGHT,346,402.0,382.0
RIGHT,347,399.0,386.0
RIGHT,348,399.0,399.0
RIGHT,349,396.0,403.0
RIGHT,350,397.0,411.0
RIGHT,351,395.0,415.0
RIGHT,352,389.0,414.0
RIGHT,353,389.0,423.0
RIGHT,354,385.0,416.0
RIGHT,355,387.0,411.0
RIGHT,356,390.0,409.0
RIGHT,357,385.0,399.0
RIGHT,358,384.0,404.0
RIGHT,359,379.0,398.0
STRAIGHT,0,376.0,388.0
STRAIGHT,1,378.0,386.0
STRAIGHT,2,375.0,376.0
STRAIGHT,3,376.0,376.0
STRAIGHT,4,373.0,381.0
STRAIGHT,5,373.0,381.0
STRAIGHT,6,378.0,396.0
STRAIGHT,7,379.0,403.0
STRAIGHT,8,381.0,415.0
STRAIGHT,9,379.0,432.0
STRAIGHT,10,379.0,436.0
STRAIGHT,11,386.0,442.0
STRAIGHT,12,389.0,446.0
STRAIGHT,13,389.0,446.0
STRAIGHT,14,392.0,458.0
STRAIGHT,15,393.0,459.0
STRAIGHT,16,403.0,461.0
STRAIGHT,17,411.0,466.0
STRAIGHT,18,416.0,469.0
STRAIGHT,19,421.0,480.0
STRAIGHT,20,418.0,479.0
STRAIGHT,21,427.0,475.0
STRAIGHT,22,433.0,481.0
STRAIGHT,23,433.0,476.0
STRAIGHT,24,435.0,480.0
STRAIGHT,25,436.0,480.0
STRAIGHT,26,437.0,472.0
STRAIGHT,27,443.0,472.0
STRAIGHT,28,441.0,465.0
STRAIGHT,29,438.0,463.0
STRAIGHT,30,435.0,468.0
STRAIGHT,31,431.0,461.0
STRAIGHT,32,433.0,465.0
STRAIGHT,33,432.0,462.0
STRAIGHT,34,430.0,464.0
STRAIGHT,35,431.0,472.0
STRAIGHT,36,430.0,469.0
STRAIGHT,37,436.0,470.0
STRAIGHT,38,440.0,471.0
STRAIGHT,39,440.0,464.0
STRAIGHT,40,444.0,471.0
STRAIGHT,41,443.0,466.0
STRAIGHT,42,447.0,466.0
STRAIGHT,43,452.0,471.0
STRAIGHT,44,453.0,469.0
STRAIGHT,45,452.0,477.0
STRAIGHT,46,452.0,485.0
STRAIGHT,47,458.0,479.0
STRAIGHT,48,465.0,483.0
STRAIGHT,49,465.0,473.0
STRAIGHT,50,467.0,467.0
STRAIGHT,51,464.0,464.0
STRAIGHT,52,461.0,450.0
STRAIGHT,53,463.0,445.0
STRAIGHT,54,459.0,431.0
STRAIGHT,55,455.0,415.0
STRAIGHT,56,452.0,417.0
STRAIGHT,57,445.0,403.0
STRAIGHT,58,449.0,394.0
STRAIGHT,59,448.0,385.0
STRAIGHT,60,444.0,373.0
STRAIGHT,61,443.0,380.0
STRAIGHT,62,439.0,375.0
STRAIGHT,63,440.0,373.0
STRAIGHT,64,441.0,378.0
STRAIGHT,65,436.0,374.0
STRAIGHT,66,434.0,384.0
STRAIGHT,67,429.0,388.0
STRAIGHT,68,427.0,385.0
STRAIGHT,69,430.0,391.0
STRAIGHT,70,427.0,386.0
STRAIGHT,71,427.0,390.0
STRAIGHT,72,429.0,396.0
STRAIGHT,73,430.0,390.0
STRAIGHT,74,437.0,393.0
STRAIGHT,75,439.0,385.0
STRAIGHT,76,441.0,389.0
STRAIGHT,77,439.0,403.0
STRAIGHT,78,439.0,420.0
STRAIGHT,79,445.0,444.0
STRAIGHT,80,447.0,462.0
STRAIGHT,81,446.0,476.0
STRAIGHT,82,446.0,496.0
STRAIGHT,83,439.0,497.0
STRAIGHT,84,441.0,490.0
STRAIGHT,85,442.0,501.0
STRAIGHT,86,440.0,493.0
STRAIGHT,87,441.0,494.0
STRAIGHT,88,440.0,487.0
STRAIGHT,89,442.0,479.0
STRAIGHT,90,448.0,482.0
STRAIGHT,91,444.0,473.0
STRAIGHT,92,442.0,475.0
STRAIGHT,93,438.0,475.0
STRAIGHT,94,437.0,464.0
STRAIGHT,95,434.0,466.0
STRAIGHT,96,430.0,458.0
STRAIGHT,97,425.0,454.0
STRAIGHT,98,421.0,459.0
STRAIGHT,99,418.0,450.0
STRAIGHT,100,421.0,450.0
STRAIGHT,101,423.0,444.0
STRAIGHT,102,424.0,436.0
STRAIGHT,103,428.0,440.0
STRAIGHT,104,431.0,434.0
STRAIGHT,105,441.0,433.0
STRAIGHT,106,447.0,433.0
STRAIGHT,107,446.0,423.0
STRAIGHT,108,447.0,427.0
STRAIGHT,109,445.0,421.0
STRAIGHT,110,448.0,415.0
STRAIGHT,111,451.0,421.0
STRAIGHT,112,449.0,421.0
STRAIGHT,113,449.0,430.0
STRAIGHT,114,450.0,438.0
STRAIGHT,115,454.0,437.0
STRAIGHT,116,463.0,447.0
STRAIGHT,117,466.0,444.0
STRAIGHT,118,465.0,444.0
STRAIGHT,119,463.0,450.0
STRAIGHT,120,459.0,442.0
STRAIGHT,121,461.0,443.0
STRAIGHT,122,459.0,433.0
STRAIGHT,123,455.0,423.0
STRAIGHT,124,454.0,426.0
STRAIGHT,125,449.0,417.0
STRAIGHT,126,450.0,409.0
STRAIGHT,127,451.0,402.0
STRAIGHT,128,447.0,394.0
STRAIGHT,129,444.0,400.0
STRAIGHT,130,439.0,399.0
STRAIGHT,131,438.0,393.0
STRAIGHT,132,442.0,397.0
STRAIGHT,133,438.0,391.0
STRAIGHT,134,438.0,396.0
STRAIGHT,135,432.0,398.0
STRAIGHT,136,428.0,390.0
STRAIGHT,137,430.0,392.0
STRAIGHT,138,426.0,383.0
STRAIGHT,139,422.0,383.0
STRAIGHT,140,417.0,388.0
STRAIGHT,141,414.0,378.0
STRAIGHT,142,421.0,378.0
STRAIGHT,143,423.0,375.0
STRAIGHT,144,422.0,372.0
STRAIGHT,145,426.0,380.0
STRAIGHT,146,428.0,377.0
STRAIGHT,147,436.0,380.0
STRAIGHT,148,441.0,381.0
STRAIGHT,149,443.0,379.0
STRAIGHT,150,446.0,390.0
STRAIGHT,151,451.0,391.0
STRAIGHT,152,467.0,392.0
STRAIGHT,153,467.0,396.0
STRAIGHT,154,469.0,388.0
STRAIGHT,155,472.0,395.0
STRAIGHT,156,473.0,394.0
STRAIGHT,157,470.0,384.0
STRAIGHT,158,471.0,384.0
STRAIGHT,159,466.0,375.0
STRAIGHT,160,463.0,377.0
STRAIGHT,161,457.0,381.0
STRAIGHT,162,455.0,386.0
STRAIGHT,163,460.0,381.0
STRAIGHT,164,459.0,376.0
STRAIGHT,165,458.0,372.0
STRAIGHT,166,460.0,379.0
STRAIGHT,167,459.0,373.0
STRAIGHT,168,467.0,377.0
STRAIGHT,169,472.0,377.0
STRAIGHT,170,471.0,373.0
STRAIGHT,171,471.0,384.0
STRAIGHT,172,469.0,379.0
STRAIGHT,173,469.0,374.0
STRAIGHT,174,470.0,372.0
STRAIGHT,175,465.0,363.0
STRAIGHT,176,464.0,369.0
STRAIGHT,177,459.0,368.0
STRAIGHT,178,458.0,366.0
STRAIGHT,179,455.0,369.0
STRAIGHT,180,449.0,363.0
STRAIGHT,181,445.0,366.0
STRAIGHT,182,439.0,367.0
STRAIGHT,183,433.0,357.0
STRAIGHT,184,433.0,357.0
STRAIGHT,185,431.0,348.0
STRAIGHT,186,431.0,346.0
STRAIGHT,187,433.0,357.0
STRAIGHT,188,434.0,360.0
STRAIGHT,189,442.0,372.0
STRAIGHT,190,448.0,379.0
STRAIGHT,191,452.0,384.0
STRAIGHT,192,455.0,402.0
STRAIGHT,193,452.0,403.0
STRAIGHT,194,456.0,404.0
STRAIGHT,195,460.0,406.0
STRAIGHT,196,456.0,401.0
STRAIGHT,197,456.0,410.0
STRAIGHT,198,454.0,410.0
STRAIGHT,199,454.0,409.0
STRAIGHT,200,458.0,417.0
STRAIGHT,201,456.0,419.0
STRAIGHT,202,454.0,428.0
STRAIGHT,203,453.0,437.0
STRAIGHT,204,451.0,436.0
STRAIGHT,205,453.0,450.0
STRAIGHT,206,447.0,451.0
STRAIGHT,207,440.0,454.0
STRAIGHT,208,432.0,461.0
STRAIGHT,209,425.0,457.0
STRAIGHT,210,422.0,460.0
STRAIGHT,211,418.0,457.0
STRAIGHT,212,412.0,451.0
STRAIGHT,213,408.0,456.0
STRAIGHT,214,404.0,447.0
STRAIGHT,215,407.0,441.0
STRAIGHT,216,410.0,434.0
STRAIGHT,217,409.0,424.0
STRAIGHT,218,409.0,427.0
STRAIGHT,219,406.0,418.0
STRAIGHT,220,411.0,415.0
STRAIGHT,221,418.0,412.0
STRAIGHT,222,419.0,404.0
STRAIGHT,223,423.0,410.0
STRAIGHT,224,422.0,412.0
STRAIGHT,225,425.0,410.0
STRAIGHT,226,432.0,418.0
STRAIGHT,227,431.0,418.0
STRAIGHT,228,429.0,424.0
STRAIGHT,229,428.0,435.0
STRAIGHT,230,427.0,435.0
STRAIGHT,231,430.0,443.0
STRAIGHT,232,429.0,445.0
STRAIGHT,233,426.0,448.0
STRAIGHT,234,427.0,459.0
STRAIGHT,235,426.0,455.0
STRAIGHT,236,433.0,457.0
STRAIGHT,237,439.0,456.0
STRAIGHT,238,442.0,451.0
STRAIGHT,239,447.0,457.0
STRAIGHT,240,451.0,452.0
STRAIGHT,241,458.0,446.0
STRAIGHT,242,465.0,445.0
STRAIGHT,243,468.0,437.0
STRAIGHT,244,471.0,438.0
STRAIGHT,245,470.0,438.0
STRAIGHT,246,469.0,425.0
STRAIGHT,247,473.0,428.0
STRAIGHT,248,470.0,423.0
STRAIGHT,249,466.0,424.0
STRAIGHT,250,459.0,427.0
STRAIGHT,251,452.0,426.0
STRAIGHT,252,453.0,430.0
STRAIGHT,253,452.0,430.0
STRAIGHT,254,447.0,432.0
STRAIGHT,255,446.0,443.0
STRAIGHT,256,442.0,440.0
STRAIGHT,257,444.0,445.0
STRAIGHT,258,441.0,450.0
STRAIGHT,259,436.0,454.0
STRAIGHT,260,435.0,470.0
STRAIGHT,261,431.0,473.0
STRAIGHT,262,436.0,477.0
STRAIGHT,263,442.0,482.0
STRAIGHT,264,444.0,477.0
STRAIGHT,265,448.0,483.0
STRAIGHT,266,449.0,481.0
STRAIGHT,267,457.0,478.0
STRAIGHT,268,466.0,482.0
STRAIGHT,269,466.0,479.0
STRAIGHT,270,468.0,480.0
STRAIGHT,271,469.0,480.0
STRAIGHT,272,469.0,470.0
STRAIGHT,273,473.0,469.0
STRAIGHT,274,469.0,461.0
STRAIGHT,275,468.0,458.0
STRAIGHT,276,466.0,465.0
STRAIGHT,277,465.0,463.0
STRAIGHT,278,466.0,468.0
STRAIGHT,279,463.0,470.0
STRAIGHT,280,459.0,468.0
STRAIGHT,281,454.0,478.0
STRAIGHT,282,447.0,473.0
STRAIGHT,283,445.0,471.0
STRAIGHT,284,444.0,471.0
STRAIGHT,285,439.0,463.0
STRAIGHT,286,440.0,469.0
STRAIGHT,287,436.0,461.0
STRAIGHT,288,436.0,449.0
STRAIGHT,289,439.0,446.0
STRAIGHT,290,434.0,435.0
STRAIGHT,291,433.0,432.0
STRAIGHT,292,431.0,434.0
STRAIGHT,293,429.0,436.0
STRAIGHT,294,435.0,451.0
STRAIGHT,295,434.0,456.0
STRAIGHT,296,434.0,461.0
STRAIGHT,297,435.0,470.0
STRAIGHT,298,436.0,467.0
STRAIGHT,299,443.0,470.0
STRAIGHT,300,446.0,469.0
STRAIGHT,301,445.0,464.0
STRAIGHT,302,448.0,471.0
STRAIGHT,303,447.0,465.0
STRAIGHT,304,449.0,463.0
STRAIGHT,305,451.0,464.0
STRAIGHT,306,449.0,459.0
STRAIGHT,307,451.0,466.0
STRAIGHT,308,449.0,462.0
STRAIGHT,309,453.0,452.0
STRAIGHT,310,460.0,450.0
STRAIGHT,311,460.0,442.0
STRAIGHT,312,464.0,443.0
STRAIGHT,313,463.0,440.0
STRAIGHT,314,463.0,442.0
STRAIGHT,315,468.0,437.0
STRAIGHT,316,467.0,436.0
STRAIGHT,317,463.0,439.0
STRAIGHT,318,462.0,448.0
STRAIGHT,319,460.0,447.0
STRAIGHT,320,467.0,456.0
STRAIGHT,321,466.0,458.0
STRAIGHT,322,462.0,460.0
STRAIGHT,323,459.0,470.0
STRAIGHT,324,454.0,467.0
STRAIGHT,325,454.0,469.0
STRAIGHT,326,453.0,467.0
STRAIGHT,327,449.0,460.0
STRAIGHT,328,447.0,465.0
STRAIGHT,329,441.0,455.0
STRAIGHT,330,441.0,446.0
STRAIGHT,331,445.0,443.0
STRAIGHT,332,445.0,433.0
STRAIGHT,333,447.0,438.0
STRAIGHT,334,447.0,439.0
STRAIGHT,335,449.0,436.0
STRAIGHT,336,453.0,442.0
STRAIGHT,337,451.0,439.0
STRAIGHT,338,450.0,444.0
STRAIGHT,339,448.0,450.0
STRAIGHT,340,445.0,445.0
STRAIGHT,341,448.0,449.0
STRAIGHT,342,447.0,446.0
STRAIGHT,343,443.0,445.0
STRAIGHT,344,441.0,453.0
STRAIGHT,345,437.0,450.0
STRAIGHT,346,441.0,453.0
STRAIGHT,347,442.0,451.0
STRAIGHT,348,438.0,446.0
STRAIGHT,349,440.0,450.0
STRAIGHT,350,436.0,443.0
STRAIGHT,351,440.0,437.0
STRAIGHT,352,443.0,435.0
STRAIGHT,353,439.0,427.0
STRAIGHT,354,438.0,429.0
STRAIGHT,355,436.0,424.0
STRAIGHT,356,439.0,416.0
STRAIGHT,357,447.0,419.0
STRAIGHT,358,451.0,410.0
STRAIGHT,359,456.0,410.0
UP,0,459.0,412.0
UP,1,462.0,406.0
UP,2,471.0,409.0
UP,3,473.0,407.0
UP,4,472.0,407.0
UP,5,472.0,417.0
UP,6,467.0,413.0
UP,7,468.0,416.0
UP,8,466.0,411.0
UP,9,463.0,402.0
UP,10,463.0,403.0
UP,11,463.0,388.0
UP,12,467.0,375.0
UP,13,471.0,364.0
UP,14,469.0,348.0
UP,15,469.0,349.0
UP,16,467.0,344.0
UP,17,467.0,342.0
UP,18,468.0,347.0
UP,19,463.0,347.0
UP,20,460.0,356.0
UP,21,455.0,361.0
UP,22,452.0,357.0
UP,23,455.0,363.0
UP,24,451.0,360.0
UP,25,452.0,360.0
UP,26,446.0,369.0
UP,27,442.0,365.0
UP,28,443.0,373.0
UP,29,439.0,375.0
UP,30,433.0,374.0
UP,31,430.0,385.0
UP,32,427.0,381.0
UP,33,429.0,381.0
UP,34,430.0,383.0
UP,35,427.0,378.0
UP,36,429.0,389.0
UP,37,425.0,389.0
UP,38,428.0,392.0
UP,39,433.0,402.0
UP,40,430.0,404.0
UP,41,429.0,415.0
UP,42,423.0,421.0
UP,43,416.0,416.0
UP,44,415.0,420.0
UP,45,408.0,414.0
UP,46,403.0,413.0
UP,47,400.0,415.0
UP,48,394.0,410.0
UP,49,395.0,413.0
UP,50,394.0,411.0
UP,51,392.0,409.0
UP,52,392.0,418.0
UP,53,390.0,413.0
UP,54,395.0,412.0
UP,55,398.0,410.0
UP,56,398.0,406.0
UP,57,400.0,416.0
UP,58,400.0,416.0
UP,59,404.0,416.0
UP,60,409.0,421.0
UP,61,407.0,418.0
UP,62,407.0,427.0
UP,63,405.0,430.0
UP,64,406.0,429.0
UP,65,412.0,439.0
UP,66,414.0,438.0
UP,67,413.0,442.0
UP,68,414.0,447.0
UP,69,415.0,443.0
UP,70,423.0,448.0
UP,71,427.0,445.0
UP,72,428.0,443.0
UP,73,430.0,451.0
UP,74,431.0,444.0
UP,75,439.0,443.0
UP,76,442.0,440.0
UP,77,445.0,432.0
UP,78,448.0,437.0
UP,79,448.0,430.0
UP,80,455.0,427.0
UP,81,458.0,429.0
UP,82,454.0,422.0
UP,83,454.0,427.0
UP,84,450.0,425.0
UP,85,450.0,418.0
UP,86,456.0,417.0
UP,87,456.0,407.0
UP,88,456.0,409.0
UP,89,456.0,410.0
UP,90,456.0,408.0
UP,91,461.0,416.0
UP,92,460.0,415.0
UP,93,459.0,415.0
UP,94,456.0,421.0
UP,95,453.0,413.0
UP,96,455.0,414.0
UP,97,455.0,414.0
UP,98,449.0,407.0
UP,99,448.0,414.0
UP,100,444.0,404.0
UP,101,430.0,451.0
UP,102,429.0,447.0
UP,103,425.0,445.0
UP,104,424.0,452.0
UP,105,417.0,448.0
UP,106,418.0,452.0
UP,107,416.0,450.0
UP,108,411.0,444.0
UP,109,408.0,450.0
UP,110,401.0,439.0
UP,111,402.0,432.0
UP,112,405.0,427.0
UP,113,406.0,418.0
UP,114,412.0,423.0
UP,115,412.0,417.0
UP,116,416.0,409.0
UP,117,425.0,412.0
UP,118,426.0,403.0
UP,119,428.0,403.0
UP,120,428.0,400.0
UP,121,429.0,390.0
UP,122,435.0,388.0
UP,123,435.0,375.0
UP,124,435.0,370.0
UP,125,435.0,374.0
UP,126,433.0,367.0
UP,127,437.0,371.0
UP,128,433.0,370.0
UP,129,428.0,372.0
UP,130,425.0,377.0
UP,131,419.0,374.0
UP,132,417.0,377.0
UP,133,413.0,382.0
UP,134,405.0,378.0
UP,135,402.0,389.0
UP,136,396.0,389.0
UP,137,394.0,386.0
UP,138,398.0,390.0
UP,139,397.0,383.0
UP,140,396.0,389.0
UP,141,394.0,388.0
UP,142,395.0,382.0
UP,143,400.0,384.0
UP,144,400.0,379.0
UP,145,402.0,383.0
UP,146,402.0,389.0
UP,147,401.0,385.0
UP,148,408.0,394.0
UP,149,408.0,396.0
UP,150,410.0,400.0
UP,151,409.0,415.0
UP,152,409.0,417.0
UP,153,413.0,423.0
UP,154,415.0,428.0
UP,155,413.0,430.0
UP,156,413.0,443.0
UP,157,410.0,445.0
UP,158,413.0,447.0
UP,159,416.0,452.0
UP,160,415.0,453.0
UP,161,418.0,464.0
UP,162,418.0,465.0
UP,163,422.0,459.0
UP,164,427.0,463.0
UP,165,429.0,460.0
UP,166,431.0,465.0
UP,167,429.0,471.0
UP,168,426.0,468.0
UP,169,429.0,474.0
UP,170,426.0,471.0
UP,171,423.0,468.0
UP,172,423.0,473.0
UP,173,417.0,466.0
UP,174,419.0,467.0
UP,175,419.0,465.0
UP,176,416.0,472.0
UP,177,416.0,468.0
UP,178,412.0,462.0
UP,179,414.0,459.0
UP,180,418.0,459.0
UP,181,417.0,452.0
UP,182,422.0,460.0
UP,183,421.0,459.0
UP,184,425.0,454.0
UP,185,432.0,460.0
UP,186,434.0,458.0
UP,187,433.0,466.0
UP,188,429.0,472.0
UP,189,425.0,466.0
UP,190,429.0,469.0
UP,191,430.0,462.0
UP,192,428.0,460.0
UP,193,430.0,467.0
UP,194,432.0,469.0
UP,195,440.0,481.0
UP,196,443.0,493.0
UP,197,448.0,504.0
UP,198,445.0,524.0
UP,199,441.0,528.0
UP,200,444.0,535.0
UP,201,447.0,543.0
UP,202,442.0,543.0
UP,203,439.0,552.0
UP,204,432.0,545.0
UP,205,431.0,541.0
UP,206,432.0,535.0
UP,207,425.0,521.0
UP,208,420.0,516.0
UP,209,413.0,506.0
UP,210,407.0,490.0
UP,211,411.0,489.0
UP,212,409.0,477.0
UP,213,409.0,474.0
UP,214,412.0,478.0
UP,215,413.0,475.0
UP,216,418.0,480.0
UP,217,419.0,479.0
UP,218,416.0,475.0
UP,219,418.0,483.0
UP,220,420.0,482.0
UP,221,428.0,480.0
UP,222,433.0,479.0
UP,223,434.0,483.0
UP,224,435.0,483.0
UP,225,431.0,477.0
UP,226,429.0,469.0
UP,227,433.0,469.0
UP,228,431.0,458.0
UP,229,431.0,461.0
UP,230,427.0,455.0
UP,231,425.0,446.0
UP,232,428.0,448.0
UP,233,427.0,444.0
UP,234,417.0,447.0
UP,235,424.0,453.0
UP,236,423.0,448.0
UP,237,430.0,451.0
UP,238,430.0,446.0
UP,239,431.0,441.0
UP,240,434.0,444.0
UP,241,436.0,433.0
UP,242,442.0,425.0
UP,243,445.0,412.0
UP,244,442.0,398.0
UP,245,444.0,398.0
UP,246,440.0,387.0
UP,247,446.0,379.0
UP,248,449.0,380.0
UP,249,445.0,372.0
UP,250,447.0,376.0
UP,251,443.0,374.0
UP,252,444.0,369.0
UP,253,448.0,376.0
UP,254,444.0,370.0
UP,255,441.0,372.0
UP,256,438.0,375.0
UP,257,435.0,368.0
UP,258,439.0,368.0
UP,259,438.0,362.0
UP,260,434.0,359.0
UP,261,432.0,368.0
UP,262,425.0,364.0
UP,263,426.0,368.0
UP,264,427.0,368.0
UP,265,427.0,362.0
UP,266,424.0,372.0
UP,267,419.0,363.0
UP,268,420.0,361.0
UP,269,421.0,355.0
UP,270,418.0,347.0
UP,271,418.0,350.0
UP,272,418.0,344.0
UP,273,419.0,334.0
UP,274,427.0,336.0
UP,275,425.0,325.0
UP,276,429.0,326.0
UP,277,432.0,328.0
UP,278,438.0,327.0
UP,279,449.0,330.0
UP,280,452.0,327.0
UP,281,453.0,326.0
UP,282,447.0,337.0
UP,283,439.0,335.0
UP,284,438.0,342.0
UP,285,432.0,342.0
UP,286,421.0,343.0
UP,287,413.0,357.0
UP,288,402.0,359.0
UP,289,401.0,369.0
UP,290,394.0,384.0
UP,291,388.0,394.0
UP,292,375.0,418.0
UP,293,367.0,431.0
UP,294,360.0,442.0
UP,295,358.0,475.0
UP,296,348.0,499.0
UP,297,340.0,529.0
UP,298,332.0,553.0
UP,299,326.0,572.0
UP,300,325.0,588.0
UP,301,317.0,597.0
UP,302,311.0,611.0
UP,303,306.0,619.0
UP,304,300.0,612.0
UP,305,302.0,610.0
UP,306,298.0,602.0
UP,307,296.0,592.0
UP,308,294.0,588.0
UP,309,290.0,573.0
UP,310,294.0,562.0
UP,311,297.0,552.0
UP,312,296.0,538.0
UP,313,298.0,536.0
UP,314,296.0,525.0
UP,315,298.0,514.0
UP,316,304.0,509.0
UP,317,304.0,496.0
UP,318,307.0,493.0
UP,319,307.0,485.0
UP,320,310.0,469.0
UP,321,322.0,468.0
UP,322,326.0,457.0
UP,323,335.0,452.0
UP,324,344.0,453.0
UP,325,355.0,446.0
UP,326,371.0,444.0
UP,327,383.0,435.0
UP,328,392.0,425.0
UP,329,399.0,427.0
UP,330,403.0,416.0
UP,331,415.0,413.0
UP,332,423.0,406.0
UP,333,428.0,400.0
UP,334,435.0,402.0
UP,335,438.0,396.0
UP,336,446.0,390.0
UP,337,458.0,390.0
UP,338,463.0,379.0
UP,339,472.0,382.0
UP,340,477.0,383.0
UP,341,485.0,384.0
UP,342,498.0,398.0
UP,343,503.0,405.0
UP,344,509.0,417.0
UP,345,514.0,430.0
UP,346,519.0,433.0
UP,347,527.0,443.0
UP,348,530.0,445.0
UP,349,533.0,442.0
UP,350,536.0,453.0
UP,351,538.0,450.0
UP,352,548.0,459.0
UP,353,556.0,465.0
UP,354,556.0,464.0
UP,355,560.0,474.0
UP,356,557.0,470.0
UP,357,561.0,471.0
UP,358,566.0,475.0
UP,359,565.0,469.0
BLINK,0,569.0,473.0
BLINK,1,567.0,466.0
BLINK,2,566.0,458.0
BLINK,3,567.0,459.0
BLINK,4,560.0,449.0
BLINK,5,556.0,445.0
BLINK,6,552.0,441.0
BLINK,7,547.0,433.0
BLINK,8,548.0,436.0
BLINK,9,542.0,433.0
BLINK,10,533.0,439.0
BLINK,11,524.0,451.0
BLINK,12,517.0,455.0
BLINK,13,515.0,465.0
BLINK,14,514.0,469.0
BLINK,15,507.0,472.0
BLINK,16,506.0,482.0
BLINK,17,502.0,479.0
BLINK,18,505.0,481.0
BLINK,19,511.0,485.0
BLINK,20,512.0,484.0
BLINK,21,516.0,491.0
BLINK,22,516.0,486.0
BLINK,23,523.0,478.0
BLINK,24,534.0,481.0
BLINK,25,536.0,477.0
BLINK,26,539.0,481.0
BLINK,27,539.0,481.0
BLINK,28,543.0,478.0
BLINK,29,551.0,483.0
BLINK,30,552.0,479.0
BLINK,31,552.0,478.0
BLINK,32,551.0,480.0
BLINK,33,547.0,473.0
BLINK,34,550.0,476.0
BLINK,35,547.0,474.0
BLINK,36,540.0,469.0
BLINK,37,535.0,472.0
BLINK,38,528.0,461.0
BLINK,39,527.0,457.0
BLINK,40,528.0,454.0
BLINK,41,523.0,450.0
BLINK,42,523.0,454.0
BLINK,43,519.0,447.0
BLINK,44,522.0,444.0
BLINK,45,528.0,447.0
BLINK,46,526.0,440.0
BLINK,47,525.0,442.0
BLINK,48,519.0,437.0
BLINK,49,517.0,427.0
BLINK,50,525.0,429.0
BLINK,51,523.0,420.0
BLINK,52,524.0,420.0
BLINK,53,524.0,420.0
BLINK,54,519.0,409.0
BLINK,55,521.0,405.0
BLINK,56,518.0,395.0
BLINK,57,514.0,387.0
BLINK,58,513.0,388.0
BLINK,59,511.0,379.0
BLINK,60,519.0,379.0
BLINK,61,524.0,377.0
BLINK,62,524.0,376.0
BLINK,63,526.0,381.0
BLINK,64,523.0,377.0
BLINK,65,525.0,374.0
BLINK,66,525.0,377.0
BLINK,67,520.0,370.0
BLINK,68,519.0,376.0
BLINK,69,514.0,374.0
BLINK,70,509.0,368.0
BLINK,71,509.0,371.0
BLINK,72,502.0,365.0
BLINK,73,497.0,367.0
BLINK,74,491.0,367.0
BLINK,75,487.0,361.0
BLINK,76,491.0,365.0
BLINK,77,487.0,362.0
BLINK,78,485.0,366.0
BLINK,79,483.0,377.0
BLINK,80,479.0,376.0
BLINK,81,485.0,379.0
BLINK,82,488.0,381.0
BLINK,83,488.0,380.0
BLINK,84,490.0,390.0
BLINK,85,488.0,387.0
BLINK,86,492.0,390.0
BLINK,87,497.0,397.0
BLINK,88,495.0,393.0
BLINK,89,496.0,403.0
BLINK,90,493.0,402.0
BLINK,91,494.0,399.0
BLINK,92,496.0,404.0
BLINK,93,491.0,398.0
BLINK,94,490.0,403.0
BLINK,95,487.0,404.0
BLINK,96,484.0,399.0
BLINK,97,488.0,403.0
BLINK,98,486.0,400.0
BLINK,99,443.0,426.0
BLINK,100,440.0,419.0
BLINK,101,444.0,421.0
BLINK,102,441.0,415.0
BLINK,103,439.0,421.0
BLINK,104,436.0,422.0
BLINK,105,439.0,417.0
BLINK,106,439.0,420.0
BLINK,107,437.0,413.0
BLINK,108,435.0,414.0
BLINK,109,431.0,420.0
BLINK,110,427.0,413.0
BLINK,111,432.0,419.0
BLINK,112,433.0,419.0
BLINK,113,431.0,417.0
BLINK,114,432.0,427.0
BLINK,115,431.0,425.0
BLINK,116,437.0,428.0
BLINK,117,441.0,428.0
BLINK,118,440.0,422.0
BLINK,119,440.0,427.0
BLINK,120,435.0,422.0
BLINK,121,437.0,418.0
BLINK,122,440.0,424.0
BLINK,123,436.0,420.0
BLINK,124,434.0,428.0
BLINK,125,427.0,426.0
BLINK,126,424.0,419.0
BLINK,127,427.0,419.0
BLINK,128,425.0,408.0
BLINK,129,422.0,404.0
BLINK,130,421.0,404.0
BLINK,131,418.0,395.0
BLINK,132,421.0,399.0
BLINK,133,419.0,395.0
BLINK,134,417.0,393.0
BLINK,135,413.0,401.0
BLINK,136,410.0,399.0
BLINK,137,413.0,400.0
BLINK,138,417.0,401.0
BLINK,139,415.0,397.0
BLINK,140,418.0,408.0
BLINK,141,418.0,406.0
BLINK,142,421.0,410.0
BLINK,143,423.0,417.0
BLINK,144,427.0,416.0
BLINK,145,430.0,427.0
BLINK,146,428.0,429.0
BLINK,147,427.0,425.0
BLINK,148,431.0,432.0
BLINK,149,426.0,429.0
BLINK,150,423.0,433.0
BLINK,151,420.0,439.0
BLINK,152,421.0,432.0
BLINK,153,420.0,436.0
BLINK,154,418.0,431.0
BLINK,155,418.0,429.0
BLINK,156,421.0,436.0
BLINK,157,422.0,431.0
BLINK,158,429.0,436.0
BLINK,159,434.0,436.0
BLINK,160,433.0,435.0
BLINK,161,435.0,446.0
BLINK,162,433.0,444.0
BLINK,163,435.0,442.0
BLINK,164,437.0,441.0
BLINK,165,435.0,432.0
BLINK,166,440.0,440.0
BLINK,167,435.0,438.0
BLINK,168,435.0,434.0
BLINK,169,438.0,439.0
BLINK,170,435.0,435.0
BLINK,171,435.0,442.0
BLINK,172,434.0,447.0
BLINK,173,436.0,442.0
BLINK,174,444.0,444.0
BLINK,175,447.0,439.0
BLINK,176,450.0,436.0
BLINK,177,454.0,445.0
BLINK,178,454.0,442.0
BLINK,179,460.0,446.0
BLINK,180,462.0,445.0
BLINK,181,461.0,443.0
BLINK,182,458.0,450.0
BLINK,183,456.0,446.0
BLINK,184,458.0,445.0
BLINK,185,459.0,447.0
BLINK,186,455.0,442.0
BLINK,187,456.0,451.0
BLINK,188,449.0,447.0
BLINK,189,451.0,440.0
BLINK,190,453.0,439.0
BLINK,191,450.0,433.0
BLINK,192,450.0,437.0
BLINK,193,449.0,438.0
BLINK,194,452.0,434.0
BLINK,195,459.0,443.0
BLINK,196,460.0,441.0
BLINK,197,461.0,444.0
BLINK,198,462.0,450.0
BLINK,199,460.0,445.0
BLINK,200,463.0,447.0
BLINK,201,462.0,444.0
BLINK,202,457.0,439.0
BLINK,203,457.0,446.0
BLINK,204,451.0,443.0
BLINK,205,454.0,444.0
BLINK,206,457.0,444.0
BLINK,207,454.0,440.0
BLINK,208,458.0,449.0
BLINK,209,454.0,442.0
BLINK,210,456.0,437.0
BLINK,211,459.0,437.0
BLINK,212,455.0,429.0
BLINK,213,455.0,433.0
BLINK,214,454.0,433.0
BLINK,215,457.0,428.0
BLINK,216,466.0,433.0
BLINK,217,466.0,426.0
BLINK,218,466.0,428.0
BLINK,219,465.0,430.0
BLINK,220,463.0,423.0
BLINK,221,468.0,431.0
BLINK,222,465.0,431.0
BLINK,223,458.0,432.0
BLINK,224,455.0,443.0
BLINK,225,447.0,442.0
BLINK,226,445.0,448.0
BLINK,227,440.0,450.0
BLINK,228,432.0,450.0
BLINK,229,428.0,461.0
BLINK,230,420.0,456.0
BLINK,231,421.0,455.0
BLINK,232,420.0,459.0
BLINK,233,416.0,453.0
BLINK,234,415.0,462.0
BLINK,235,411.0,460.0
BLINK,236,409.0,452.0
BLINK,237,412.0,453.0
BLINK,238,411.0,448.0
BLINK,239,412.0,449.0
BLINK,240,412.0,450.0
BLINK,241,413.0,443.0
BLINK,242,418.0,448.0
BLINK,243,416.0,443.0
BLINK,244,417.0,443.0
BLINK,245,416.0,449.0
BLINK,246,413.0,445.0
BLINK,247,417.0,446.0
BLINK,248,419.0,443.0
BLINK,249,418.0,439.0
BLINK,250,420.0,448.0
BLINK,251,417.0,442.0
BLINK,252,420.0,442.0
BLINK,253,423.0,442.0
BLINK,254,422.0,435.0
BLINK,255,426.0,442.0
BLINK,256,424.0,441.0
BLINK,257,425.0,435.0
BLINK,258,427.0,434.0
BLINK,259,424.0,425.0
BLINK,260,424.0,427.0
BLINK,261,423.0,431.0
BLINK,262,422.0,422.0
BLINK,263,426.0,425.0
BLINK,264,425.0,418.0
BLINK,265,424.0,417.0
BLINK,266,424.0,424.0
BLINK,267,421.0,418.0
BLINK,268,426.0,423.0
BLINK,269,427.0,423.0
BLINK,270,425.0,424.0
BLINK,271,427.0,435.0
BLINK,272,426.0,431.0
BLINK,273,429.0,428.0
BLINK,274,433.0,425.0
BLINK,275,435.0,420.0
BLINK,276,436.0,428.0
BLINK,277,437.0,425.0
BLINK,278,442.0,424.0
BLINK,279,452.0,431.0
BLINK,280,452.0,428.0
BLINK,281,454.0,438.0
BLINK,282,453.0,439.0
BLINK,283,451.0,436.0
BLINK,284,454.0,439.0
BLINK,285,450.0,432.0
BLINK,286,448.0,432.0
BLINK,287,446.0,437.0
BLINK,288,446.0,430.0
BLINK,289,450.0,433.0
BLINK,290,453.0,431.0
BLINK,291,452.0,428.0
BLINK,292,452.0,434.0
BLINK,293,449.0,430.0
BLINK,294,451.0,427.0
BLINK,295,451.0,423.0
BLINK,296,448.0,418.0
BLINK,297,449.0,427.0
BLINK,298,443.0,423.0
BLINK,299,441.0,419.0
BLINK,300,441.0,419.0
BLINK,301,438.0,414.0
BLINK,302,438.0,423.0
BLINK,303,434.0,424.0
BLINK,304,430.0,421.0
BLINK,305,433.0,427.0
BLINK,306,430.0,421.0
BLINK,307,430.0,425.0
BLINK,308,430.0,432.0
BLINK,309,429.0,429.0
BLINK,310,433.0,435.0
BLINK,311,433.0,433.0
BLINK,312,433.0,433.0
BLINK,313,434.0,441.0
BLINK,314,435.0,436.0
BLINK,315,435.0,438.0
BLINK,316,436.0,437.0
BLINK,317,436.0,433.0
BLINK,318,437.0,445.0
BLINK,319,433.0,440.0
BLINK,320,435.0,437.0
BLINK,321,440.0,436.0
BLINK,322,441.0,432.0
BLINK,323,447.0,442.0
BLINK,324,448.0,442.0
BLINK,325,449.0,438.0
BLINK,326,453.0,443.0
BLINK,327,451.0,438.0
BLINK,328,452.0,444.0
BLINK,329,451.0,447.0
BLINK,330,452.0,448.0
BLINK,331,460.0,454.0
BLINK,332,462.0,451.0
BLINK,333,463.0,448.0
BLINK,334,464.0,454.0
BLINK,335,462.0,450.0
BLINK,336,467.0,454.0
BLINK,337,466.0,453.0
BLINK,338,463.0,453.0
BLINK,339,461.0,465.0
BLINK,340,454.0,465.0
BLINK,341,456.0,465.0
BLINK,342,459.0,470.0
BLINK,343,456.0,465.0
BLINK,344,460.0,474.0
BLINK,345,458.0,471.0
BLINK,346,459.0,465.0
BLINK,347,463.0,467.0
BLINK,348,460.0,460.0
BLINK,349,459.0,462.0
BLINK,350,456.0,461.0
BLINK,351,455.0,454.0
BLINK,352,459.0,457.0
BLINK,353,456.0,450.0
BLINK,354,455.0,449.0
BLINK,355,453.0,452.0
BLINK,356,449.0,443.0
BLINK,357,452.0,440.0
BLINK,358,449.0,430.0
BLINK,359,445.0,417.0
DOWN,0,443.0,423.0
DOWN,1,436.0,414.0
DOWN,2,436.0,413.0
DOWN,3,436.0,414.0
DOWN,4,432.0,409.0
DOWN,5,433.0,418.0
DOWN,6,431.0,416.0
DOWN,7,431.0,416.0
DOWN,8,437.0,419.0
DOWN,9,436.0,411.0
DOWN,10,437.0,416.0
DOWN,11,436.0,418.0
DOWN,12,437.0,417.0
DOWN,13,438.0,425.0
DOWN,14,434.0,418.0
DOWN,15,431.0,419.0
DOWN,16,428.0,422.0
DOWN,17,423.0,414.0
DOWN,18,422.0,416.0
DOWN,19,416.0,409.0
DOWN,20,410.0,406.0
DOWN,21,405.0,414.0
DOWN,22,400.0,412.0
DOWN,23,402.0,409.0
DOWN,24,403.0,405.0
DOWN,25,401.0,405.0
DOWN,26,403.0,414.0
DOWN,27,401.0,411.0
DOWN,28,402.0,404.0
DOWN,29,405.0,410.0
DOWN,30,403.0,406.0
DOWN,31,405.0,414.0
DOWN,32,403.0,417.0
DOWN,33,404.0,415.0
DOWN,34,410.0,420.0
DOWN,35,404.0,415.0
DOWN,36,404.0,416.0
DOWN,37,403.0,419.0
DOWN,38,404.0,415.0
DOWN,39,412.0,418.0
DOWN,40,413.0,416.0
DOWN,41,416.0,419.0
DOWN,42,418.0,432.0
DOWN,43,419.0,432.0
DOWN,44,426.0,437.0
DOWN,45,432.0,436.0
DOWN,46,429.0,432.0
DOWN,47,430.0,440.0
DOWN,48,428.0,435.0
DOWN,49,431.0,430.0
DOWN,50,433.0,433.0
DOWN,51,428.0,429.0
DOWN,52,428.0,438.0
DOWN,53,423.0,438.0
DOWN,54,423.0,434.0
DOWN,55,429.0,437.0
DOWN,56,429.0,429.0
DOWN,57,432.0,432.0
DOWN,58,434.0,432.0
DOWN,59,436.0,425.0
DOWN,60,442.0,429.0
DOWN,61,442.0,421.0
DOWN,62,442.0,416.0
DOWN,63,441.0,427.0
DOWN,64,438.0,423.0
DOWN,65,444.0,429.0
DOWN,66,444.0,430.0
DOWN,67,441.0,428.0
DOWN,68,441.0,438.0
DOWN,69,438.0,437.0
DOWN,70,438.0,440.0
DOWN,71,441.0,442.0
DOWN,72,435.0,436.0
DOWN,73,434.0,442.0
DOWN,74,430.0,440.0
DOWN,75,429.0,437.0
DOWN,76,434.0,444.0
DOWN,77,429.0,440.0
DOWN,78,428.0,446.0
DOWN,79,424.0,445.0
DOWN,80,423.0,441.0
DOWN,81,427.0,443.0
DOWN,82,426.0,438.0
DOWN,83,422.0,439.0
DOWN,84,428.0,446.0
DOWN,85,427.0,444.0
DOWN,86,434.0,448.0
DOWN,87,436.0,444.0
DOWN,88,437.0,441.0
DOWN,89,443.0,448.0
DOWN,90,444.0,442.0
DOWN,91,450.0,441.0
DOWN,92,456.0,441.0
DOWN,93,457.0,436.0
DOWN,94,461.0,447.0
DOWN,95,459.0,447.0
DOWN,96,461.0,446.0
DOWN,97,465.0,451.0
DOWN,98,407.0,306.0
DOWN,99,405.0,311.0
DOWN,100,407.0,322.0
DOWN,101,405.0,333.0
DOWN,102,399.0,349.0
DOWN,103,397.0,366.0
DOWN,104,394.0,382.0
DOWN,105,398.0,400.0
DOWN,106,399.0,415.0
DOWN,107,398.0,427.0
DOWN,108,396.0,439.0
DOWN,109,393.0,448.0
DOWN,110,399.0,455.0
DOWN,111,401.0,462.0
DOWN,112,402.0,466.0
DOWN,113,407.0,470.0
DOWN,114,407.0,472.0
DOWN,115,410.0,473.0
DOWN,116,416.0,473.0
DOWN,117,412.0,472.0
DOWN,118,411.0,471.0
DOWN,119,407.0,468.0
DOWN,120,401.0,467.0
DOWN,121,401.0,463.0
DOWN,122,395.0,464.0
DOWN,123,389.0,464.0
DOWN,124,384.0,464.0
DOWN,125,378.0,463.0
DOWN,126,380.0,463.0
DOWN,127,381.0,463.0
DOWN,128,380.0,463.0
DOWN,129,385.0,464.0
DOWN,130,388.0,464.0
DOWN,131,401.0,466.0
DOWN,132,406.0,467.0
DOWN,133,407.0,467.0
DOWN,134,413.0,468.0
DOWN,135,412.0,468.0
DOWN,136,415.0,468.0
DOWN,137,420.0,468.0
DOWN,138,417.0,468.0
DOWN,139,415.0,467.0
DOWN,140,410.0,464.0
DOWN,141,403.0,459.0
DOWN,142,404.0,456.0
DOWN,143,398.0,450.0
DOWN,144,390.0,447.0
DOWN,145,387.0,444.0
DOWN,146,382.0,442.0
DOWN,147,383.0,441.0
DOWN,148,382.0,441.0
DOWN,149,379.0,442.0
DOWN,150,381.0,446.0
DOWN,151,377.0,446.0
DOWN,152,380.0,448.0
DOWN,153,379.0,443.0
DOWN,154,376.0,435.0
DOWN,155,377.0,430.0
DOWN,156,374.0,421.0
DOWN,157,379.0,416.0
DOWN,158,382.0,410.0
DOWN,159,380.0,402.0
DOWN,160,383.0,399.0
DOWN,161,382.0,393.0
DOWN,162,384.0,390.0
DOWN,163,391.0,391.0
DOWN,164,394.0,391.0
DOWN,165,396.0,399.0
DOWN,166,397.0,404.0
DOWN,167,398.0,412.0
DOWN,168,409.0,423.0
DOWN,169,417.0,431.0
DOWN,170,422.0,440.0
DOWN,171,429.0,446.0
DOWN,172,431.0,450.0
DOWN,173,439.0,455.0
DOWN,174,443.0,456.0
DOWN,175,442.0,456.0
DOWN,176,443.0,457.0
DOWN,177,442.0,454.0
DOWN,178,444.0,450.0
DOWN,179,449.0,448.0
DOWN,180,448.0,442.0
DOWN,181,449.0,441.0
DOWN,182,446.0,435.0
DOWN,183,446.0,429.0
DOWN,184,453.0,425.0
DOWN,185,455.0,415.0
DOWN,186,460.0,408.0
DOWN,187,463.0,403.0
DOWN,188,464.0,401.0
DOWN,189,468.0,406.0
DOWN,190,468.0,409.0
DOWN,191,467.0,417.0
DOWN,192,466.0,426.0
DOWN,193,464.0,434.0
DOWN,194,469.0,443.0
DOWN,195,471.0,449.0
DOWN,196,471.0,453.0
DOWN,197,475.0,458.0
DOWN,198,473.0,457.0
DOWN,199,475.0,460.0
DOWN,200,477.0,461.0
DOWN,201,474.0,461.0
DOWN,202,473.0,462.0
DOWN,203,471.0,460.0
DOWN,204,470.0,460.0
DOWN,205,474.0,460.0
DOWN,206,471.0,457.0
DOWN,207,468.0,457.0
DOWN,208,463.0,455.0
DOWN,209,463.0,455.0
DOWN,210,469.0,457.0
DOWN,211,470.0,457.0
DOWN,212,470.0,458.0
DOWN,213,472.0,461.0
DOWN,214,469.0,462.0
DOWN,215,478.0,463.0
DOWN,216,478.0,461.0
DOWN,217,473.0,458.0
DOWN,218,470.0,456.0
DOWN,219,464.0,452.0
DOWN,220,466.0,451.0
DOWN,221,469.0,450.0
DOWN,222,468.0,449.0
DOWN,223,468.0,452.0
DOWN,224,464.0,447.0
DOWN,225,465.0,445.0
DOWN,226,471.0,444.0
DOWN,227,471.0,442.0
DOWN,228,472.0,444.0
DOWN,229,471.0,441.0
DOWN,230,472.0,439.0
DOWN,231,476.0,439.0
DOWN,232,474.0,433.0
DOWN,233,473.0,429.0
DOWN,234,475.0,425.0
DOWN,235,474.0,418.0
DOWN,236,480.0,419.0
DOWN,237,481.0,416.0
DOWN,238,482.0,415.0
DOWN,239,483.0,416.0
DOWN,240,480.0,414.0
DOWN,241,486.0,416.0
DOWN,242,489.0,413.0
DOWN,243,488.0,407.0
DOWN,244,494.0,407.0
DOWN,245,496.0,402.0
DOWN,246,501.0,404.0
DOWN,247,502.0,406.0
DOWN,248,498.0,407.0
DOWN,249,497.0,412.0
DOWN,250,491.0,414.0
DOWN,251,488.0,414.0
DOWN,252,491.0,419.0
DOWN,253,488.0,412.0
DOWN,254,486.0,411.0
DOWN,255,480.0,407.0
DOWN,256,471.0,399.0
DOWN,257,469.0,398.0
DOWN,258,468.0,395.0
DOWN,259,467.0,393.0
DOWN,260,470.0,395.0
DOWN,261,471.0,395.0
DOWN,262,481.0,403.0
DOWN,263,486.0,407.0
DOWN,264,480.0,410.0
DOWN,265,486.0,416.0
DOWN,266,481.0,416.0
DOWN,267,481.0,414.0
DOWN,268,483.0,420.0
DOWN,269,478.0,417.0
DOWN,270,474.0,419.0
DOWN,271,465.0,416.0
DOWN,272,462.0,413.0
DOWN,273,465.0,419.0
DOWN,274,463.0,418.0
DOWN,275,463.0,421.0
DOWN,276,460.0,423.0
DOWN,277,456.0,422.0
DOWN,278,455.0,427.0
DOWN,279,448.0,426.0
DOWN,280,440.0,425.0
DOWN,281,435.0,424.0
DOWN,282,429.0,422.0
DOWN,283,432.0,429.0
DOWN,284,432.0,430.0
DOWN,285,430.0,432.0
DOWN,286,428.0,437.0
DOWN,287,423.0,435.0
DOWN,288,427.0,438.0
DOWN,289,426.0,439.0
DOWN,290,422.0,432.0
DOWN,291,422.0,441.0
DOWN,292,417.0,437.0
DOWN,293,416.0,436.0
DOWN,294,416.0,439.0
DOWN,295,412.0,432.0
DOWN,296,411.0,431.0
DOWN,297,407.0,427.0
DOWN,298,403.0,422.0
DOWN,299,409.0,426.0
DOWN,300,409.0,424.0
DOWN,301,411.0,426.0
DOWN,302,412.0,430.0
DOWN,303,412.0,428.0
DOWN,304,417.0,433.0
DOWN,305,420.0,432.0
DOWN,306,421.0,429.0
DOWN,307,421.0,431.0
DOWN,308,415.0,427.0
DOWN,309,418.0,430.0
DOWN,310,419.0,431.0
DOWN,311,417.0,432.0
DOWN,312,419.0,439.0
DOWN,313,419.0,439.0
DOWN,314,425.0,438.0
DOWN,315,435.0,444.0
DOWN,316,441.0,439.0
DOWN,317,449.0,443.0
DOWN,318,450.0,439.0
DOWN,319,451.0,434.0
DOWN,320,452.0,438.0
DOWN,321,453.0,438.0
DOWN,322,453.0,443.0
DOWN,323,452.0,449.0
DOWN,324,451.0,452.0
DOWN,325,457.0,462.0
DOWN,326,456.0,464.0
DOWN,327,452.0,461.0
DOWN,328,452.0,464.0
DOWN,329,448.0,454.0
DOWN,330,450.0,445.0
DOWN,331,449.0,430.0
DOWN,332,451.0,410.0
DOWN,333,447.0,400.0
DOWN,334,443.0,384.0
DOWN,335,444.0,374.0
DOWN,336,445.0,373.0
DOWN,337,441.0,363.0
DOWN,338,440.0,366.0
DOWN,339,432.0,366.0
DOWN,340,430.0,370.0
DOWN,341,434.0,386.0
DOWN,342,431.0,400.0
DOWN,343,429.0,423.0
DOWN,344,429.0,443.0
DOWN,345,432.0,461.0
DOWN,346,443.0,485.0
DOWN,347,444.0,498.0
DOWN,348,444.0,507.0
DOWN,349,444.0,517.0
DOWN,350,441.0,520.0
DOWN,351,443.0,526.0
DOWN,352,444.0,526.0
DOWN,353,444.0,524.0
DOWN,354,444.0,527.0
DOWN,355,445.0,525.0
DOWN,356,446.0,538.0
DOWN,357,449.0,535.0
DOWN,358,446.0,532.0
DOWN,359,447.0,535.0
LEFT,0,445.0,531.0
LEFT,1,452.0,532.0
LEFT,2,460.0,536.0
LEFT,3,460.0,537.0
LEFT,4,462.0,540.0
LEFT,5,459.0,538.0
LEFT,6,460.0,536.0
LEFT,7,465.0,538.0
LEFT,8,468.0,538.0
LEFT,9,472.0,539.0
LEFT,10,478.0,542.0
LEFT,11,479.0,539.0
LEFT,12,488.0,541.0
LEFT,13,490.0,537.0
LEFT,14,487.0,532.0
LEFT,15,484.0,531.0
LEFT,16,479.0,526.0
LEFT,17,478.0,521.0
LEFT,18,478.0,518.0
LEFT,19,479.0,510.0
LEFT,20,482.0,506.0
LEFT,21,482.0,495.0
LEFT,22,485.0,485.0
LEFT,23,492.0,481.0
LEFT,24,491.0,470.0
LEFT,25,491.0,466.0
LEFT,26,489.0,461.0
LEFT,27,488.0,455.0
LEFT,28,494.0,458.0
LEFT,29,492.0,453.0
LEFT,30,491.0,452.0
LEFT,31,484.0,450.0
LEFT,32,476.0,441.0
LEFT,33,473.0,443.0
LEFT,34,466.0,436.0
LEFT,35,463.0,429.0
LEFT,36,460.0,429.0
LEFT,37,457.0,420.0
LEFT,38,461.0,418.0
LEFT,39,460.0,415.0
LEFT,40,456.0,405.0
LEFT,41,449.0,405.0
LEFT,42,438.0,397.0
LEFT,43,434.0,393.0
LEFT,44,434.0,394.0
LEFT,45,430.0,387.0
LEFT,46,430.0,389.0
LEFT,47,426.0,386.0
LEFT,48,423.0,385.0
LEFT,49,426.0,394.0
LEFT,50,419.0,391.0
LEFT,51,413.0,392.0
LEFT,52,409.0,393.0
LEFT,53,404.0,389.0
LEFT,54,404.0,392.0
LEFT,55,402.0,390.0
LEFT,56,406.0,388.0
LEFT,57,398.0,393.0
LEFT,58,392.0,390.0
LEFT,59,392.0,397.0
LEFT,60,389.0,399.0
LEFT,61,381.0,398.0
LEFT,62,376.0,406.0
LEFT,63,370.0,408.0
LEFT,64,373.0,410.0
LEFT,65,378.0,414.0
LEFT,66,380.0,409.0
LEFT,67,385.0,412.0
LEFT,68,387.0,409.0
LEFT,69,390.0,407.0
LEFT,70,401.0,413.0
LEFT,71,403.0,413.0
LEFT,72,404.0,419.0
LEFT,73,398.0,425.0
LEFT,74,396.0,427.0
LEFT,75,400.0,437.0
LEFT,76,401.0,441.0
LEFT,77,401.0,444.0
LEFT,78,404.0,453.0
LEFT,79,407.0,455.0
LEFT,80,419.0,467.0
LEFT,81,422.0,472.0
LEFT,82,419.0,477.0
LEFT,83,415.0,484.0
LEFT,84,406.0,481.0
LEFT,85,408.0,486.0
LEFT,86,411.0,488.0
LEFT,87,411.0,486.0
LEFT,88,416.0,489.0
LEFT,89,418.0,487.0
LEFT,90,427.0,487.0
LEFT,91,440.0,490.0
LEFT,92,444.0,486.0
LEFT,93,447.0,486.0
LEFT,94,446.0,486.0
LEFT,95,445.0,484.0
LEFT,96,450.0,489.0
LEFT,97,450.0,488.0
LEFT,98,0.0,429.0
LEFT,99,515.0,318.0
LEFT,100,511.0,325.0
LEFT,101,501.0,334.0
LEFT,102,490.0,337.0
LEFT,103,484.0,347.0
LEFT,104,474.0,348.0
LEFT,105,462.0,349.0
LEFT,106,454.0,353.0
LEFT,107,444.0,350.0
LEFT,108,445.0,353.0
LEFT,109,444.0,355.0
LEFT,110,440.0,357.0
LEFT,111,442.0,367.0
LEFT,112,442.0,367.0
LEFT,113,453.0,374.0
LEFT,114,462.0,378.0
LEFT,115,464.0,376.0
LEFT,116,469.0,381.0
LEFT,117,472.0,378.0
LEFT,118,478.0,374.0
LEFT,119,485.0,374.0
LEFT,120,483.0,364.0
LEFT,121,482.0,363.0
LEFT,122,480.0,359.0
LEFT,123,479.0,358.0
LEFT,124,485.0,355.0
LEFT,125,483.0,352.0
LEFT,126,484.0,354.0
LEFT,127,486.0,359.0
LEFT,128,488.0,355.0
LEFT,129,495.0,358.0
LEFT,130,497.0,356.0
LEFT,131,498.0,352.0
LEFT,132,501.0,358.0
LEFT,133,501.0,353.0
LEFT,134,506.0,351.0
LEFT,135,509.0,352.0
LEFT,136,506.0,340.0
LEFT,137,509.0,353.0
LEFT,138,504.0,349.0
LEFT,139,502.0,342.0
LEFT,140,503.0,343.0
LEFT,141,499.0,335.0
LEFT,142,498.0,338.0
LEFT,143,492.0,337.0
LEFT,144,488.0,330.0
LEFT,145,491.0,334.0
LEFT,146,488.0,327.0
LEFT,147,487.0,328.0
LEFT,148,485.0,331.0
LEFT,149,481.0,332.0
LEFT,150,484.0,323.0
LEFT,151,484.0,322.0
LEFT,152,482.0,317.0
LEFT,153,478.0,336.0
LEFT,154,469.0,336.0
LEFT,155,468.0,339.0
LEFT,156,467.0,341.0
LEFT,157,465.0,343.0
LEFT,158,467.0,355.0
LEFT,159,463.0,357.0
LEFT,160,464.0,358.0
LEFT,161,465.0,364.0
LEFT,162,462.0,358.0
LEFT,163,464.0,363.0
LEFT,164,459.0,363.0
LEFT,165,457.0,359.0
LEFT,166,456.0,363.0
LEFT,167,449.0,358.0
LEFT,168,446.0,358.0
LEFT,169,444.0,363.0
LEFT,170,443.0,362.0
LEFT,171,451.0,372.0
LEFT,172,451.0,373.0
LEFT,173,449.0,374.0
LEFT,174,448.0,384.0
LEFT,175,442.0,380.0
LEFT,176,444.0,384.0
LEFT,177,443.0,385.0
LEFT,178,433.0,384.0
LEFT,179,439.0,396.0
LEFT,180,434.0,396.0
LEFT,181,437.0,401.0
LEFT,182,443.0,407.0
LEFT,183,444.0,413.0
LEFT,184,447.0,421.0
LEFT,185,442.0,423.0
LEFT,186,439.0,420.0
LEFT,187,439.0,424.0
LEFT,188,430.0,420.0
LEFT,189,425.0,424.0
LEFT,190,417.0,427.0
LEFT,191,412.0,421.0
LEFT,192,416.0,432.0
LEFT,193,414.0,428.0
LEFT,194,412.0,427.0
LEFT,195,408.0,432.0
LEFT,196,405.0,427.0
LEFT,197,412.0,435.0
LEFT,198,414.0,436.0
LEFT,199,416.0,432.0
LEFT,200,422.0,446.0
LEFT,201,420.0,445.0
LEFT,202,425.0,451.0
LEFT,203,426.0,456.0
LEFT,204,425.0,453.0
LEFT,205,425.0,462.0
LEFT,206,423.0,457.0
LEFT,207,424.0,448.0
LEFT,208,431.0,450.0
LEFT,209,430.0,443.0
LEFT,210,430.0,445.0
LEFT,211,425.0,444.0
LEFT,212,421.0,437.0
LEFT,213,420.0,442.0
LEFT,214,416.0,437.0
LEFT,215,416.0,438.0
LEFT,216,415.0,443.0
LEFT,217,414.0,438.0
LEFT,218,421.0,443.0
LEFT,219,422.0,440.0
LEFT,220,422.0,438.0
LEFT,221,424.0,444.0
LEFT,222,424.0,439.0
LEFT,223,430.0,440.0
LEFT,224,434.0,440.0
LEFT,225,434.0,436.0
LEFT,226,438.0,446.0
LEFT,227,435.0,443.0
LEFT,228,437.0,436.0
LEFT,229,441.0,437.0
LEFT,230,438.0,432.0
LEFT,231,437.0,437.0
LEFT,232,434.0,440.0
LEFT,233,431.0,437.0
LEFT,234,434.0,442.0
LEFT,235,431.0,439.0
LEFT,236,431.0,441.0
LEFT,237,432.0,446.0
LEFT,238,434.0,440.0
LEFT,239,444.0,445.0
LEFT,240,447.0,443.0
LEFT,241,452.0,445.0
LEFT,242,450.0,456.0
LEFT,243,447.0,454.0
LEFT,244,451.0,458.0
LEFT,245,452.0,458.0
LEFT,246,452.0,453.0
LEFT,247,450.0,462.0
LEFT,248,448.0,458.0
LEFT,249,449.0,453.0
LEFT,250,452.0,452.0
LEFT,251,451.0,442.0
LEFT,252,452.0,442.0
LEFT,253,451.0,440.0
LEFT,254,451.0,434.0
LEFT,255,456.0,438.0
LEFT,256,452.0,432.0
LEFT,257,449.0,433.0
LEFT,258,446.0,436.0
LEFT,259,444.0,435.0
LEFT,260,450.0,439.0
LEFT,261,454.0,438.0
LEFT,262,454.0,441.0
LEFT,263,451.0,450.0
LEFT,264,445.0,447.0
LEFT,265,445.0,449.0
LEFT,266,443.0,447.0
LEFT,267,438.0,443.0
LEFT,268,439.0,454.0
LEFT,269,436.0,451.0
LEFT,270,439.0,450.0
LEFT,271,444.0,456.0
LEFT,272,442.0,452.0
LEFT,273,446.0,461.0
LEFT,274,448.0,461.0
LEFT,275,454.0,460.0
LEFT,276,462.0,463.0
LEFT,277,461.0,453.0
LEFT,278,458.0,449.0
LEFT,279,454.0,443.0
LEFT,280,450.0,429.0
LEFT,281,452.0,426.0
LEFT,282,447.0,416.0
LEFT,283,442.0,413.0
LEFT,284,435.0,417.0
LEFT,285,428.0,414.0
LEFT,286,427.0,417.0
LEFT,287,421.0,416.0
LEFT,288,413.0,414.0
LEFT,289,408.0,425.0
LEFT,290,400.0,424.0
LEFT,291,402.0,425.0
LEFT,292,405.0,426.0
LEFT,293,404.0,422.0
LEFT,294,407.0,430.0
LEFT,295,407.0,431.0
LEFT,296,410.0,430.0
LEFT,297,416.0,433.0
LEFT,298,413.0,427.0
LEFT,299,412.0,430.0
LEFT,300,408.0,429.0
LEFT,301,404.0,424.0
LEFT,302,407.0,428.0
LEFT,303,409.0,423.0
LEFT,304,413.0,431.0
LEFT,305,417.0,429.0
LEFT,306,418.0,420.0
LEFT,307,424.0,419.0
LEFT,308,422.0,409.0
LEFT,309,419.0,400.0
LEFT,310,418.0,410.0
LEFT,311,413.0,406.0
LEFT,312,413.0,409.0
LEFT,313,410.0,411.0
LEFT,314,402.0,409.0
LEFT,315,399.0,422.0
LEFT,316,396.0,428.0
LEFT,317,398.0,437.0
LEFT,318,404.0,440.0
LEFT,319,401.0,433.0
LEFT,320,401.0,437.0
LEFT,321,399.0,435.0
LEFT,322,406.0,430.0
LEFT,323,410.0,434.0
LEFT,324,410.0,428.0
LEFT,325,410.0,429.0
LEFT,326,406.0,435.0
LEFT,327,401.0,428.0
LEFT,328,409.0,436.0
LEFT,329,412.0,436.0
LEFT,330,415.0,433.0
LEFT,331,421.0,445.0
LEFT,332,424.0,443.0
LEFT,333,432.0,445.0
LEFT,334,435.0,444.0
LEFT,335,431.0,441.0
LEFT,336,429.0,446.0
LEFT,337,423.0,439.0
LEFT,338,423.0,437.0
LEFT,339,423.0,436.0
LEFT,340,418.0,432.0
LEFT,341,417.0,437.0
LEFT,342,415.0,434.0
LEFT,343,417.0,433.0
LEFT,344,424.0,431.0
LEFT,345,423.0,428.0
LEFT,346,424.0,437.0
LEFT,347,425.0,443.0
LEFT,348,425.0,439.0
LEFT,349,429.0,446.0
LEFT,350,430.0,440.0
LEFT,351,431.0,437.0
LEFT,352,434.0,447.0
LEFT,353,435.0,439.0
LEFT,354,445.0,443.0
LEFT,355,449.0,445.0
LEFT,356,451.0,441.0
LEFT,357,456.0,448.0
LEFT,358,460.0,445.0
LEFT,359,466.0,446.0
